ts,version,accuracy_clean,accuracy_aug,loss_clean,loss_aug
1755766129,1,0.984,0.95,0.34262,0.145054
1755766864,2,0.986,0.939,0.461322,0.156437
1755767363,3,0.982,0.941,0.453186,0.185485
1755768794,4,0.991,0.963,0.458198,0.128022
1761622396,5,0.988,0.958,0.377456,0.140657
1761623729,6,0.989,0.954,0.381842,0.15718
1761623810,7,0.987,0.959,0.305228,0.120969
