{"version": 10, "accuracy_clean": 0.985, "accuracy_aug": 0.949, "loss_clean": 0.165425, "loss_aug": 0.179368, "ts": 1761882922}