{"version": 7, "accuracy_clean": 0.987, "accuracy_aug": 0.959, "loss_clean": 0.305228, "loss_aug": 0.120969, "ts": 1761623810}